Mois,Site,Consommation totale (kWh),Montant facturé (€),Taxes (€),Fournisseur
2024-01,Siège,7960.365876398377,1231.8934908646725,368.0602578333865,ENGIE
2024-02,Agence Nord,5259.650070180137,2967.077402875479,524.1421259460825,EDF
2024-03,Agence Sud,15944.682635402358,5816.97648366019,365.7056519222189,TotalEnergies
2024-04,Siège,27766.538827479548,4528.553550900261,279.58574033044516,ENGIE
2024-05,Agence Nord,6590.766017480239,5872.222873627562,571.7910740947694,EDF
2024-06,Agence Sud,25800.41778415987,5529.246655265824,546.6672375785583,TotalEnergies
